work_from_home,whisker_length,trust_in_government,fifth_generation,will_vaccinate,support_lockdown
0,7.844678182581103,60.15167384239446,0,0,0
1,8.436025226670797,55.09488728190424,0,1,0
0,8.011435071287753,57.58351071789508,0,1,3
1,8.101098397591734,59.243290239697025,0,1,4
0,8.965461509413053,54.86506018502598,0,1,4
0,7.869781888712694,60.33822772401276,0,-1,4
0,8.310680265864098,59.94966972039835,0,1,4
1,7.727921935029622,62.94328235197602,0,1,4
0,8.278929272099743,64.83542271982996,0,1,4
0,8.23233435794294,60.601756325749804,0,1,0
0,8.189620396986747,65.66468718794755,0,1,0
0,7.780419928167701,73.08372087554706,0,1,0
0,7.372776295786965,60.656536247987404,0,-1,4
0,8.390092138330164,71.80871250829243,0,1,4
1,7.9518687642103805,56.07576235989733,0,1,4
1,7.949939048401057,60.42719838537823,0,1,3
0,9.039555911912906,68.6098936446253,0,1,4
1,7.655194762762012,59.87548228120712,0,1,4
0,8.853723746315085,54.71515486758666,0,1,0
0,8.401432452009685,65.87241630119271,0,1,4
1,8.250804800578845,53.44579605926008,0,1,0
1,8.698349724342597,69.08955802943537,0,1,4
1,8.844575028406494,54.57840237465216,0,0,0
0,8.049883642548203,64.03973638829561,0,1,3
0,8.235924476615438,62.903128003933176,0,1,4
0,7.812447731341934,65.01558801002126,0,1,4
0,8.634524442136538,59.513515847274,0,1,0
0,9.028131767942266,71.60906217053464,0,1,4
1,7.520163809785949,54.47305413798738,0,0,0
1,7.664455008243236,55.42275102961883,0,1,1
1,8.674448557794651,51.33033267133939,0,1,4
0,8.170982337513603,63.62826048162856,0,1,0
0,8.807561369232413,73.64148597059368,0,0,4
0,7.987658868732519,69.98961103763416,1,1,4
1,7.914061042946577,75.36567335570238,0,1,4
1,7.958219872702074,67.62162309838844,0,1,4
0,8.064976525752575,65.62493797737666,0,0,4
0,8.103766584663447,70.78055911942839,0,1,3
0,7.499818588667441,73.93090992739883,0,1,4
1,7.611895793914468,69.62113548134965,0,1,4
1,7.762979758277976,70.02525289642242,0,1,4
1,7.774712339014902,61.28854347978423,0,0,4
0,8.216269801686444,71.87467587844742,0,1,2
0,6.955740289035267,66.21003293218143,1,1,3
0,7.487440960562215,62.75908034511657,0,0,4
1,7.67833781377824,75.42185059875605,0,1,4
0,8.255746260008301,62.203364329320046,0,0,0
0,8.133436568631767,62.19948400882947,0,1,4
0,8.20130015518952,69.81470120548576,0,1,4
0,8.354316428268536,61.51797259026802,0,1,4
0,7.556020864565644,59.76204734801023,0,1,4
0,7.552235698567165,69.24177690192752,0,1,4
0,7.368803237119412,64.95633669855829,0,0,4
0,7.863122940386863,59.64176207452868,0,-1,0
1,7.748216372425242,73.60152642958916,0,1,4
0,7.613645816029022,73.37672174008387,0,1,4
1,7.950766498382552,54.408868311350766,0,1,0
0,7.9686089370452455,62.670850624262805,0,1,4
0,7.229049029009833,57.45561830362991,0,1,0
0,9.020309019736299,58.86543193247848,0,-1,1
0,8.628775375784631,53.41960149659467,0,0,0
0,7.697186384528037,73.93697710645715,0,1,4
0,7.776430671356623,52.241695772385064,0,0,2
0,8.234756884233235,60.11560228237849,0,1,0
1,8.604558639763491,60.001537615697096,0,1,0
0,8.386431672316414,55.1165007238096,0,1,0
0,8.193402156263781,72.47075813499164,0,0,2
0,8.220987799620913,55.495595853231166,0,0,4
0,8.587572801316618,68.86100884422291,0,1,4
0,8.135645234182824,54.436089574488314,1,1,0
0,8.468363743684641,69.06315862143904,0,1,4
1,7.804962799850387,61.19025179371273,0,1,4
0,7.678309832283175,74.23906600963407,0,1,4
0,8.079090042917322,51.172019616880746,0,0,0
0,7.78556310961693,57.446564702180574,1,1,0
0,7.792975461973401,71.37839964918894,0,1,4
0,8.792689059598848,64.91801839707536,0,1,4
1,7.924710684890663,63.014272177327484,0,1,4
0,8.121171425112507,75.42713335387295,0,1,0
0,8.097930568430415,53.84637555703848,0,1,0
1,7.797596488735468,70.3786539944131,0,1,4
0,8.227243244081677,63.89144857577237,0,1,4
1,7.7004927340898695,73.24221644284016,0,1,4
1,8.515858393281322,59.67076236164041,0,1,4
1,7.475881817954152,55.67180815045725,0,1,0
1,8.175366348187584,64.64978989339758,0,1,4
0,8.215514604121159,66.54939175560563,0,1,0
0,7.983218376557813,55.13569325723289,0,1,4
1,9.165995322402146,69.82452036941994,0,1,4
0,8.478370230590219,63.96433800331136,0,1,0
0,7.225549482714715,50.90217251347535,0,1,4
1,8.908545648003129,64.12950786641724,1,-1,0
0,8.001171771435724,56.248844652602685,0,1,0
0,8.459544040002198,68.33660776643272,0,1,2
1,8.209350119460888,72.63681810085113,0,1,4
0,8.091921659240581,50.80551720147297,0,0,4
1,8.155614511088665,71.56972886403732,0,1,4
0,8.57384974830163,66.47325565072333,0,1,4
1,8.253791887944042,55.32947935221625,0,1,4
0,8.12892166037642,65.10448383268579,0,1,4
1,8.89723696316911,72.93341347494638,0,1,4
1,8.218955348143997,62.43087239341944,0,1,4
0,7.969974848392615,68.8613521203471,0,1,0
1,8.868950924802407,75.4100880761015,0,1,4
0,7.435158104845414,58.339991449074404,1,-1,0
0,8.007293648105252,74.1325913927445,0,1,0
0,7.7219969339516075,57.27990976988272,0,-1,3
0,8.805561164946274,66.04575570652166,0,1,4
0,8.315781065121753,72.69444324106783,0,1,4
0,8.45885690968035,61.39864673812102,0,1,0
0,8.257098319406648,62.06683359214031,0,-1,4
1,8.000504762298203,52.26523995928241,0,1,0
1,7.392788829472903,66.27228984460011,0,1,4
1,7.429138950489478,67.02770198459059,0,1,4
0,8.167151412248705,63.99572103008498,0,1,4
0,7.52064971441071,59.959892752162084,1,-1,4
1,8.035024748246203,68.74427325849274,0,1,4
1,7.856581338272164,65.36564561173955,0,1,4
1,7.80510878284523,50.93662677647884,0,0,4
1,8.51703078384277,73.984113452694,0,1,4
1,8.208112179708024,53.12853585795807,1,-1,0
0,6.977529550691537,71.0049590881558,0,1,4
1,8.2539544318866,64.80241238661903,1,-1,4
1,8.047075649389035,61.892589857347886,0,1,0
1,8.013218243196544,72.78742638976534,0,1,4
1,8.546503637538834,62.03323010208661,1,1,4
1,8.014563912545967,65.49672844531366,1,1,0
1,8.044725520597058,57.94129565133586,0,1,4
0,7.6915947694761995,70.29740762695516,0,1,4
0,7.654258935593211,68.12531500180185,0,1,4
0,7.155329745915669,65.45291305815938,0,1,0
1,7.191522204152023,74.54715944636577,0,1,4
0,8.076599190880701,64.82206637941779,0,1,4
0,8.311617454496641,63.13843090508591,0,1,4
0,7.960458029924883,51.81010436620031,1,-1,0
1,8.958259957586955,58.24683027316246,0,1,4
0,8.22074614400604,60.47747754273366,1,1,3
0,8.385173515098291,58.528208247699624,1,1,0
0,8.243985074764758,65.67012387825322,0,1,1
0,7.901875441342053,52.99573895708956,1,0,0
0,7.707008011465697,63.23399290400437,0,1,4
0,7.997057745380615,56.659571184470465,0,1,4
0,8.41014860737016,72.52905194790763,0,1,3
1,8.346316291979354,72.16926200895574,0,1,4
0,8.743702361165928,59.92691058194152,0,-1,4
0,7.927696454593218,67.71327564781524,0,1,4
0,7.937407982297374,71.72317381106492,0,1,4
1,8.767458687299468,55.32467144260787,0,0,0
0,7.633432574235271,61.07949561917987,0,1,0
1,8.131667741915269,52.446422459219455,0,1,0
0,7.741451742993904,72.51960960534909,0,1,4
0,8.102119461303266,68.2346166861746,0,1,4
0,7.30529752176834,74.45576734930933,0,1,4
1,7.701600395947256,56.265995892409215,0,0,4
0,9.053370584670647,56.33830166050284,0,0,4
0,7.742587710584963,61.5345350299438,0,1,4
0,8.752224859605874,64.58281646398326,0,1,4
1,7.806392780177879,54.814678098617414,0,1,3
1,8.622058983735684,66.39134322889495,0,0,4
0,8.209323465395116,50.92789359490282,0,1,0
0,8.557373354039854,73.89375608452515,0,1,4
1,8.50793153419815,70.69335666497444,0,1,4
1,7.964599976194188,69.75387248699433,0,0,4
1,7.9048528123504065,50.869171357646756,1,0,4
1,8.22299251664423,60.27693128908059,0,1,4
0,7.972248070397502,53.719363344239106,0,1,0
1,8.703945605780184,51.228772130355296,0,0,0
1,7.796535766065922,59.27570382505352,0,1,0
0,8.19507167751477,65.99090098368892,0,1,4
0,7.78668292962271,63.801299292281634,0,1,0
0,8.077348880447744,54.96276474495272,0,-1,4
1,7.6778881218387545,72.78129642444311,0,1,4
0,7.925176180484828,58.17509734846002,0,1,4
1,8.004721421746092,73.44124265504935,0,1,4
0,8.569929737554334,57.463023811324895,0,1,4
1,8.028237845442282,73.29548365421755,0,1,4
0,8.298894794850803,53.12918991115324,0,1,0
1,8.262177012081672,64.59738966186,0,1,3
1,8.250109884544448,52.05790542462334,0,1,4
0,7.816931282049603,74.3429386249545,0,1,4
0,8.33315673877449,51.392299829044,0,1,4
1,8.126449750380587,61.523351188355406,0,1,4
0,8.41915167263331,67.6146853806183,0,1,4
1,8.912306386971386,53.04092478881282,0,0,4
0,7.795730956934337,57.81293552753425,0,1,4
0,7.651442630142651,70.70459248295636,0,1,4
1,7.406283876551713,57.091577416213475,0,1,4
0,7.8515593569013165,52.34805694794675,1,0,0
0,7.833415585054194,65.17303428371162,0,1,4
0,8.553157400407931,70.53958986977965,1,1,0
0,7.076642114721014,66.088847471265,0,1,4
0,8.654707772507164,53.196309946931954,0,1,0
1,7.721203760857117,56.625098277461255,0,1,4
1,7.979998736303835,61.746177886608756,0,1,4
1,8.788787014045276,67.5294459039034,0,1,0
0,8.970299685072469,66.35126669699963,0,1,4
1,8.276955777971269,52.0477004471799,1,1,4
0,8.143736862475684,54.91923019974649,0,1,4
0,8.641322615057778,56.6493583274869,0,1,4
0,8.028982696304453,67.4380195529137,0,-1,4
0,8.370675796207921,57.00414409219195,0,-1,0
0,7.338918618842546,56.80363654389853,0,1,0
1,8.596013486456672,60.14004612851961,0,1,4
1,8.390810581672358,69.11380753211884,0,1,4
0,8.571251397237843,53.97978131313825,1,0,4
0,8.408100108350906,62.90659814426109,0,1,4
1,8.944484445785212,70.04226544164086,0,1,3
1,8.517994856349848,54.12312473307561,1,-1,1
0,7.771788907257372,62.22614119965971,0,1,2
0,7.689135406393027,71.61791105436119,0,1,4
0,7.75170959447044,61.82955752923427,0,1,4
1,8.771942569975737,72.53213882778358,0,1,4
0,8.595559611933107,75.03339449707813,0,1,4
0,8.798456320225363,52.87238705201796,0,1,0
0,8.322134418809728,60.83592499055241,0,1,4
1,8.443715749668124,68.22949372583814,0,1,4
0,8.351130119097071,69.029167791712,0,-1,4
0,9.101905517136927,69.68035014834882,0,1,4
1,7.5610653589429475,63.997365937187176,0,1,4
1,8.320187097575294,53.0266480719407,0,0,0
1,8.4801328859731,63.36376574833695,1,1,4
0,8.016480983194393,66.77917638864733,0,1,4
0,8.252795692855244,63.05877965357785,0,1,4
0,7.237052374590802,73.68242501365212,0,1,4
0,8.682754685823674,70.62913097196744,0,1,0
0,8.920812911104637,67.01684829854733,0,1,0
0,8.670860221992964,57.629745958550664,0,1,3
0,8.782844483531747,70.32846041715659,0,1,4
0,8.73952716127972,74.19947262257323,0,1,4
1,8.024949645479595,50.945923711324,0,1,0
1,8.2405993343278,55.39443303825864,0,1,4
0,7.540484405834519,69.42834442610078,0,0,4
1,7.638272025747097,72.45670555772995,0,1,4
0,8.344341724416932,51.36771313710134,0,1,0
0,7.98596257963348,72.2077030168733,0,1,4
1,7.995209749466575,72.66274659586826,0,1,4
0,8.252180645947304,58.969458020810045,0,1,4
0,8.845713464029242,65.49878061034039,0,1,1
0,7.924474677822178,65.6954616062555,0,-1,4
1,8.402727131181377,57.43877772903275,0,1,4
1,7.84125909058973,55.581499618728714,0,1,4
0,9.578512471155436,59.22951472894094,0,1,4
0,8.186935969391449,61.27487749362647,0,1,4
0,8.278688934676229,61.62827605069382,0,1,3
1,7.713429160011393,60.3533422100304,0,1,4
0,8.56753372799748,66.34909734514845,0,1,4
0,8.305652041236783,57.993828243648665,0,1,3
0,7.921487465118372,60.84406218458659,0,1,4
1,7.499766741009066,52.21006490508392,0,1,0
1,8.104363203306457,74.03061699860181,0,1,4
0,7.53641427783325,67.93607027381849,0,1,1
1,8.546988736930517,57.959298769349516,0,0,4
1,8.022973030370304,74.31450492890245,0,1,4
1,7.90271570968925,53.541657463787594,1,1,0
0,8.220460241756,74.93960379985016,0,1,4
0,8.50779939748859,57.58086722720687,0,1,4
0,8.639135997579539,59.91177900131589,0,1,4
0,7.831918716844211,66.2686761133485,0,1,4
1,7.995030448498115,51.10683976073474,0,1,4
1,8.975103831221007,59.326484297497664,0,-1,0
1,8.211389909099418,60.95252093079576,0,1,4
0,7.7848562982138105,58.0502098178566,0,-1,4
0,8.805498283142187,64.9253842577776,0,1,4
1,7.9711750464509725,71.09467804536975,0,1,4
0,8.010025986686871,65.46652668358196,1,-1,0
1,8.458869419729284,74.96802197009148,0,1,4
0,7.8889849837922945,71.9107998980115,0,0,4
0,8.344068221214624,53.76651339080014,0,1,0
1,7.638256970475093,58.4753553975872,0,1,0
0,8.341763951415077,68.37018430821894,0,1,0
0,7.942303536373602,67.9721663629739,0,1,4
1,8.108279913103166,72.73676057653857,0,1,4
0,8.0413350743326,68.46691358621595,0,1,4
1,8.552560490393546,62.16112058508487,0,0,4
0,8.054520767158932,53.69836582849838,0,-1,4
0,8.45318134248381,72.99292893239301,0,1,4
1,7.507085831015101,61.62326286936356,1,1,4
1,8.341223048533097,74.74521059162528,0,1,4
1,7.049217875591423,69.56327189294682,0,1,0
1,7.4156595797166,58.97166318914529,0,-1,0
0,7.577064074205805,75.38416046624533,0,1,4
0,8.169169021804505,50.97043374417008,0,0,4
1,7.386343048506355,66.73948522272327,0,1,4
0,8.188554723551345,54.519470791480224,0,1,4
0,7.9096562562499475,51.37730056496922,0,1,0
1,7.349844959811747,68.40284471667297,0,1,4
0,7.609197711297532,68.72398599348605,0,1,4
0,8.243822476468432,60.19911430488791,0,1,4
0,7.422151873123194,60.69633925254801,0,1,4
0,8.62321707165037,54.8117211265808,0,1,0
1,8.038049305249254,51.43440346492273,0,1,3
0,8.07070532499717,66.98456437574292,0,1,4
1,7.610224520140629,69.67536100563727,0,1,4
0,7.651075139517313,58.148901986235714,1,1,4
0,8.000802618693806,52.95861825178205,0,1,4
1,8.365358287068059,70.65727000943384,0,1,4
1,7.196467336170504,67.12368489395682,0,0,2
1,7.948784866511064,60.99249179762077,1,0,4
0,6.979677192244207,56.01021341626202,0,1,4
0,7.959612043059002,70.93491291574301,0,1,4
0,8.277596113934448,62.07315063739282,0,1,4
1,8.259541474927106,56.91337980578528,0,1,0
0,8.041723320715445,56.83211180851096,0,1,0
0,7.356626647141512,63.41992627307469,0,1,4
0,8.784641950850835,75.1466507335131,0,1,4
1,8.714948182778292,53.55816035671917,1,0,0
1,8.168332073650236,60.172343349739585,0,1,4
0,8.28642726471148,72.45743030213599,0,1,4
1,8.005487729202342,74.24604563114995,0,1,4
0,8.593271999930353,58.58134504664777,0,1,0
0,8.397902225929728,74.00736744554646,0,1,4
0,7.976468857185141,66.13331583813329,0,1,4
1,8.534698552911307,75.12158473789317,0,1,4
1,7.765239661107191,52.75857476069026,0,1,4
1,7.047485480867036,69.81221234261722,0,-1,0
0,7.717067459175984,70.46215594183587,0,1,4
0,7.7690798686338525,55.43709948236197,0,1,0
1,8.514215943103137,55.23830426862854,1,-1,0
1,7.9585841505698625,53.90304199036107,0,1,0
1,7.424709152339789,60.73680810970523,0,1,4
0,8.062414325044266,69.32232144945746,0,1,4
0,7.262535577555723,74.60616061203521,0,1,1
1,8.412791272878444,70.21008957262356,0,1,3
0,7.736142450726092,51.76309739884588,0,1,0
1,8.741299994059982,64.08545764502101,0,1,4
0,7.694647351353488,56.936590186047695,0,0,4
1,7.813919655760173,61.125354105213184,0,1,4
1,8.864208408112514,64.80271042434512,0,1,4
1,8.051357233426584,61.63439116307125,0,1,4
1,8.382968984997298,63.35250590232064,0,1,4
1,8.0966566750601,71.27373604055319,0,1,4
1,7.338367275403608,51.33914795322308,0,1,4
1,7.688092410961578,67.41876137746189,0,1,4
1,8.363780049895302,55.88633257272443,0,1,0
0,8.299290024300172,59.146621696921144,0,1,4
1,7.973962038014344,68.85132828130395,0,1,4
0,8.108007841699578,64.97892476973989,0,1,2
0,8.207191528755994,55.62553700997119,0,1,4
0,8.48402563394871,55.02062045602883,0,1,4
0,8.406607727331423,59.37838654921807,0,1,2
0,7.969699688765687,55.33631662339623,0,1,0
1,8.183678811621672,67.09065477202971,0,1,0
0,8.153945789296575,52.025391447284456,0,1,0
1,7.54093885698086,59.68104938874555,0,1,4
0,8.554005643400927,55.39202712999838,0,0,4
0,8.136854333747047,61.77664086720087,0,1,0
0,8.541375431373408,75.00687477091853,0,1,4
0,7.996015574113623,72.79132218309283,0,1,0
0,7.344418764149355,63.76012982707111,0,-1,4
0,8.560134551574501,62.04068076436315,0,1,4
1,8.883879080865094,72.21785966601628,0,1,4
1,8.95019672132478,72.88048975052813,0,1,4
1,9.223741605411318,70.51958838638618,0,1,4
0,8.086056936258366,71.14425719554548,0,1,1
0,8.439183314341383,59.54924163785138,0,1,1
0,8.23528837258896,69.51144091806482,0,1,0
1,8.31445172958813,75.45749656968255,0,1,4
1,8.558536845857564,66.65753082580187,0,1,4
1,9.230535000203242,71.62410010179927,0,1,4
0,8.177662086635573,72.86276754570385,0,1,0
0,7.7429145904422025,71.56111686356579,0,1,4
1,9.591397799809366,65.95674343337495,0,1,0
0,8.902606509630102,51.603130204277655,0,-1,4
0,7.9997229348506895,69.40342132333265,1,0,4
0,8.169510364492876,52.50226453024916,0,1,0
0,8.497443635409361,70.72878894381515,0,1,4
0,7.867805854283263,52.74065637239025,0,-1,0
0,8.533204895260358,74.74146743280222,0,1,4
0,8.681260924666741,74.44619470678279,0,1,4
1,8.925856064040856,71.50570969884679,0,1,4
1,8.559047517618033,69.99810927821918,0,1,4
0,7.877183535187797,71.17074709969098,0,0,4
0,8.083011259475795,55.577571944476496,0,1,0
0,7.8905862881293665,64.01081384037451,0,1,4
1,8.702533125864496,66.87214775918267,0,1,4
0,7.56009041520097,69.66717862359324,0,1,4
0,8.264675440399227,61.635449402307096,0,0,4
1,8.091547326282004,59.34011405964273,0,1,4
1,8.483420621636842,68.82474884201719,0,1,4
1,7.123802227495061,54.85046887813191,0,1,4
0,8.666371928938775,64.09597007112416,0,1,0
0,7.830731421835494,57.570944080820006,0,1,4
1,8.016737999172559,56.70053711295451,0,1,0
1,7.891963842067195,74.6352970648851,0,1,4
1,7.805668189684886,64.22136064858573,0,0,0
1,8.918672946955361,55.63570912253514,0,1,4
1,8.219825827380548,58.15943448552852,0,1,4
1,8.701999657709706,62.227052703828534,0,1,4
0,9.058577709405602,71.97784454768471,0,1,4
0,8.41848284895973,71.78020691518809,0,1,0
1,7.850316909116712,58.79335657746043,1,1,0
1,7.326257509152798,59.319778472424176,0,1,4
0,7.690031755572331,67.08039200225247,0,1,0
1,8.726349318234607,66.3745058199017,0,1,4
1,8.498904969365764,58.16741809244515,0,1,0
0,7.229727109594915,63.10112004683801,0,0,4
1,8.059962100356783,64.72436498387634,0,1,4
1,8.20349732013155,66.77194593791334,0,1,4
0,7.345241944888213,72.79108422229494,0,1,4
1,7.963768414147436,53.61592437165784,0,1,4
0,7.518210830979784,69.9181691790093,0,1,4
1,9.002167596252544,65.51623872473102,0,1,4
1,7.79600217592906,51.7783832253667,1,0,0
1,8.063665608369657,52.736132563374994,1,1,0
0,7.015482906514268,62.917634010862905,0,1,4
0,8.61000563372914,71.60789247845402,0,1,4
1,8.625834988605089,64.00017885802532,0,1,0
0,7.828465107405132,68.83119251854762,1,-1,4
0,8.264359622861951,55.902246939765284,1,0,0
0,8.238918061196161,59.661408835316735,0,-1,1
0,7.761106863280298,74.75167746385277,0,1,4
0,8.730813060550195,71.20863334651368,0,1,4
0,7.604716137429816,56.711229773841616,0,1,1
0,8.634585884444284,56.10463801890864,0,-1,4
0,7.7293436561956295,69.0222587715682,1,1,1
1,7.598957937254667,64.19198872515508,1,0,4
0,8.01114476724206,69.58925013656943,1,1,4
0,8.483557024021597,57.22778595602748,0,1,0
0,8.194630106340812,50.840494042883066,0,1,4
0,7.64710721530274,66.18008206698472,0,1,4
1,8.270859737126084,71.42146314262229,0,1,4
1,7.91733197918447,51.59434503611149,1,-1,0
0,9.183318472084759,54.41952625018848,0,0,0
0,8.63687251572557,52.827046434213145,1,-1,0
0,7.2171980117802175,56.61937793329128,0,0,3
0,8.870398133831605,71.56273360509178,0,1,4
0,7.858062547905389,54.253458368145964,1,-1,0
0,7.684289430854442,52.53782096027905,0,1,0
1,7.298320396917586,72.46227492208791,0,1,4
1,7.652525205724783,69.24107329152801,0,1,4
0,7.975278265855715,55.93800179591196,0,-1,1
0,8.537045754921989,71.86232690178916,0,1,4
1,8.342194021697807,68.90406019505225,0,1,4
0,7.961010175856383,54.40648621286504,1,-1,0
0,8.713076804778627,59.25985226810885,0,1,4
1,8.120019700362306,57.05823888391637,0,1,4
0,8.343201448051747,61.91067719773238,0,1,4
1,8.88535249674616,73.96747812970881,0,1,4
0,7.5531795976729414,74.05453467198049,0,1,4
1,8.655087239123729,66.11416708662188,0,1,4
1,7.783926281532091,62.54403244501162,0,1,4
0,7.826217209281612,57.63210817333767,0,1,4
1,8.323199201561778,70.18032188467441,0,1,4
0,8.508249484314872,56.54875898816407,0,-1,0
0,8.27704538222568,53.075902570552934,0,1,4
0,7.615138826495234,57.50555397350587,1,-1,0
0,8.86494827712466,75.44368377448046,0,1,4
0,8.130587832457913,62.778163737499945,0,1,4
1,7.8584127999547535,52.82737358276811,0,0,0
0,7.5962777764488,55.05882503790544,0,1,0
1,7.557632241635105,62.54827119885554,1,-1,4
0,8.073928489054502,75.47249449811572,0,1,4
1,7.733812760130437,61.153795504967015,0,1,4
1,7.685624915276465,65.1820592945792,0,1,4
0,9.00836783441421,56.428731565240405,0,1,4
0,8.691058535635284,51.188670001058824,0,1,4
0,8.122616952605451,74.9443341567482,0,1,4
0,7.7300923108174775,70.30694544582943,0,1,4
0,7.957897258724197,73.9149150872491,0,1,4
1,8.97107284019177,65.55025559686112,1,1,4
0,8.159400674233558,61.31309275053684,0,1,4
1,8.214775152941137,64.00627308572939,0,1,4
0,8.750885305726928,75.28130132029459,0,1,4
1,7.4854130454520185,69.74690883841514,0,1,4
0,8.592268536868167,63.571314478345364,1,-1,4
0,7.827612266281686,65.09505644031559,0,-1,4
0,8.56978683107578,69.6244972241068,0,1,4
1,7.946280712637563,61.769168096353766,0,1,2
1,8.547826648490963,63.72083573702188,0,0,4
0,8.351339863870052,73.6645011067609,0,1,4
1,6.989953214169317,56.19095203023124,0,1,4
1,8.076147875721961,69.74779521845828,0,1,4
1,7.991937211303685,67.2168904027356,1,0,0
0,7.751580887291518,57.27979062638737,1,-1,4
0,8.207780888714074,56.92701204532278,0,-1,0
0,7.495391131875174,66.97541447216246,0,1,4
1,8.261518312372953,63.97641824489896,0,1,0
1,8.74316810753594,74.50762819903498,0,1,4
0,8.186066060548033,54.30408675418746,0,-1,4
1,7.827334898383515,60.34417324799776,0,1,4
1,6.88516066338491,51.89796812802144,1,-1,4
0,8.316833327126036,73.26411888580982,0,1,4
0,8.102891341214509,66.90110817150313,1,-1,4
0,8.22855475608085,63.579794148439035,0,0,0
0,7.912516869866946,56.17311986160326,0,0,4
0,8.707085340516942,72.57962592213025,0,1,4
0,8.653576889684993,74.95844087772215,0,1,4
0,8.42115831066562,72.38129257131676,0,1,4
0,8.319543129829066,54.862422458785474,0,0,1
1,7.785616169767649,55.24863669007687,0,1,2
0,8.91180502991385,64.56421446344707,0,0,0
0,7.088393908630178,58.645494461734955,0,-1,4
0,8.829364317042494,59.02285871268465,0,1,4
0,8.222293813706893,56.51759417442999,0,1,4
0,8.530262274023471,53.246716206198336,0,1,0
1,8.157777506066365,69.89230550573266,0,0,4
0,8.099032311195169,66.94837659177655,0,1,4
1,7.963648709809262,60.65667562810573,0,1,4
0,9.237406933802717,53.42194182811906,0,0,4
0,8.621005056808636,60.374863101817425,0,1,1
0,7.8136027196162905,65.44301189838382,0,0,4
0,7.664880172261222,52.70229067638424,0,1,4
0,8.007646501472157,58.21190176084662,0,1,4
1,8.496199211707733,66.39092255353468,1,1,4
1,8.148915944502766,73.17922318399701,0,1,4
0,8.813117339922085,56.95721633934991,0,1,4
0,8.338491198783455,55.08130160322077,0,1,2
0,8.034843486201167,60.830140524845966,0,1,4
0,7.61585587420761,59.75296962456156,1,1,0
1,8.763701840129444,51.772750955276464,1,1,0
0,8.3921562937555,73.0225536066892,0,1,4
0,8.220698231062642,57.81108586263384,0,1,4
1,8.554607486498174,75.50960234420836,0,1,4
1,8.873629376353094,64.39069678294186,0,1,4
1,9.086967340412446,62.052904613042436,0,1,4
0,8.0265916245544,69.46889788671373,0,1,0
0,8.671844220863429,56.23842248823133,1,1,0
1,7.784712827686838,53.06497160214086,0,1,4
0,8.391677428824229,61.74885538211453,0,1,0
1,7.635413177233384,74.61714170217061,0,1,4
0,7.8926751419286285,56.00828002429627,0,0,1
1,8.465253519419695,67.85712146237917,0,1,3
0,8.4364398746445,69.92916432068607,0,1,2
0,8.176950374066582,70.48653248377468,0,1,4
0,7.9676295583741545,73.49784277929919,0,1,1
0,8.375715318103309,62.45118715697333,1,-1,0
0,8.801285633653249,68.58940394715411,0,1,4
1,8.362888221659162,54.43146624558944,0,1,1
0,8.180172819951288,74.34350088150059,0,1,4
0,8.568175857687207,74.54455286325852,0,1,4
0,8.322725549021454,52.46048246793763,1,1,0
0,7.611663615449366,54.62797328965547,0,1,4
1,7.950890040160402,58.40249948610909,0,1,4
1,8.135854935971944,55.73228902715532,1,-1,4
1,8.216698560265247,65.89811915845219,0,1,4
1,7.98649641768071,58.17686719732183,0,1,1
0,8.296024563642382,61.314154481551526,0,1,3
1,7.919046535927437,71.01827489166946,0,1,4
1,8.461637481963026,69.18762431325978,0,0,4
0,8.26675163286528,61.43075713966425,0,1,4
0,8.40568153494983,58.33714189508104,0,0,0
1,8.034420224302785,51.46062602400244,0,0,4
0,8.733998344067714,71.82393736392818,0,1,1
1,7.910414722158874,62.0138533912696,0,0,4
1,7.516111212974473,53.06227043994361,1,0,4
1,7.938854002240659,51.58296132122701,0,1,1
1,7.5942802458377425,55.49472196102972,0,1,0
0,8.580251398672464,58.78576627251673,0,-1,4
0,7.9620169493088335,55.3915505632558,0,0,0
0,8.420214983133487,53.92906694778376,0,1,0
0,7.325478782213963,72.90975304006592,0,1,4
1,7.22912166148997,65.34306361913396,0,1,4
0,8.035253791965504,52.196515286924594,1,-1,0
0,7.9325008580038885,66.7071606395325,0,1,4
0,7.916948524966402,64.5893493619963,0,1,4
1,8.332179791033502,54.320583189711606,1,1,0
1,7.934072034645323,67.72676200202834,0,0,4
0,7.833904456942961,54.83038188089909,0,0,4
1,8.295698261298911,55.1284654565247,0,1,4
1,7.167956848451472,71.61737994141774,1,-1,4
0,8.193736792075653,53.275675590906886,0,1,4
1,8.32195204684945,69.5575812004231,0,1,0
1,7.696675916333878,67.64108197915695,0,1,4
0,8.615978801682086,64.89947829880607,0,0,0
0,7.783478676298116,68.14522273758652,0,1,2
0,7.678040719043491,70.63782081007936,0,1,4
1,7.827895190163931,60.67586249650132,0,1,4
0,8.608170674729394,51.32956592456707,0,0,0
0,8.970812087808369,71.22722904369131,0,1,0
1,8.5780005184605,57.962880110827854,0,1,3
0,7.716021131394755,63.29379008719007,0,1,4
0,8.508802175267492,57.85544725079362,0,1,4
0,8.856748236814653,51.48575063820836,0,1,4
0,8.994955142083501,70.70364782534082,0,1,0
1,7.6796359418967235,58.109800292966526,0,1,4
0,8.115975609349977,53.5939515077152,1,-1,0
1,8.005676915299167,72.51740092902004,0,1,4
0,8.80985387235917,63.76958816140421,0,1,1
0,8.48151599088125,52.55760663279385,0,1,4
1,8.493720760519773,69.50874955800667,1,1,4
1,8.41849105094529,75.34896844268174,0,1,4
0,8.212929997088807,60.03171907992478,0,1,0
0,8.638826497838027,59.43873780192915,0,1,4
0,8.650857618993436,60.79932081513257,0,1,4
1,7.843842531564498,67.03200568259196,0,1,4
0,9.63325617782975,65.46679586374755,0,1,4
1,6.878339926020068,67.39244707556242,0,1,0
0,8.308620549597906,52.32038768668272,0,1,0
0,8.239812311292633,68.89272598254459,0,1,4
1,8.213428803191801,55.86203180998765,1,-1,4
1,8.91732645517303,58.26318993021079,0,1,0
0,8.171264566203494,67.62598231820519,0,0,4
0,8.080373431421089,66.62024761240676,0,1,4
1,8.066442084309598,71.70130736879648,0,1,4
0,8.395467101113061,74.46954064114762,0,1,4
0,7.740467731862537,73.7347933816512,0,1,4
0,7.398244173478538,56.78426714161686,0,1,3
0,8.654425546040741,52.91726870493815,0,1,0
0,8.431608560586275,68.25433662642313,0,0,4
1,8.739739879715238,70.42963331411427,0,1,4
1,7.938772745851106,74.91858810873647,0,1,4
1,7.3164335042144515,70.73845768455286,0,1,4
1,7.561645268731013,63.469230025325885,0,1,4
1,8.602008713337261,66.30099515401518,0,-1,4
0,8.931529815304433,54.43673893468431,1,-1,4
0,8.514881944687339,70.86039643465197,0,1,4
0,9.21312970003957,64.63195257148116,0,1,4
0,7.357936648766879,70.00003300694264,0,1,4
0,8.742368922863157,50.72193081057677,0,1,0
0,8.379387829531723,54.622642770655986,0,0,0
1,8.409965000129082,71.77083604231768,1,1,4
0,7.972434606176026,52.03337587114095,0,0,0
0,7.957416082382661,51.69013902143657,0,0,4
1,7.498570635335456,68.86236688887335,0,0,1
0,7.7671782621525995,68.0891564713683,1,0,4
0,7.587465258775905,70.10285560660624,0,1,0
0,7.945307260500358,51.20258742418754,0,0,4
0,8.026716166619067,52.514434144663106,0,1,4
0,8.453645317622549,63.956127936338966,0,1,3
1,9.019489628595032,73.30737321452523,0,1,4
1,8.693559531812765,67.4589821637496,0,1,4
1,8.602583350371457,59.15618413544893,0,0,4
0,8.07691577938119,63.17532728777234,0,-1,4
1,7.840420834802524,65.59788492635916,0,1,4
0,7.781714538210008,69.00911579760515,0,1,4
0,9.05142911638741,70.50259743174857,0,1,4
0,8.146150502385188,73.8709362894401,0,1,4
0,8.706547386747657,66.21401782763074,0,1,4
1,8.33840026340157,54.80983157651871,0,1,4
0,8.305118238669014,53.42004060284402,0,1,4
1,8.168233703805663,61.36575116937475,0,0,4
1,8.308666813162716,74.10184726000358,0,1,4
0,8.104176387077146,51.245985640865804,0,0,0
0,8.653918425505756,67.14556728605672,0,1,4
0,8.470943645079894,64.18814822639216,0,1,4
0,8.448363977962913,56.48782942157704,0,1,4
0,7.886486222298526,54.78162593912889,0,1,1
1,8.843909358663417,62.53387743653285,0,1,4
0,9.04193157440669,75.31953419107536,0,1,4
0,9.722533655280438,73.56803576375017,0,1,4
1,8.160548380765086,59.52248049776173,0,1,4
1,8.89549303841177,62.37180667946567,0,1,4
0,7.778778108175832,67.77822132220675,0,1,4
0,7.700382058245529,59.977744754961286,0,1,4
0,8.486406450914854,68.47927325616442,0,1,0
0,7.46338110144978,60.432786284684994,0,0,4
0,7.3830302361197475,67.16641071455355,0,1,4
0,9.193717918454258,61.515826839686454,0,0,4
0,8.320166983556005,57.63614067270489,0,1,4
1,8.593048294342376,64.52954909945221,0,0,4
0,7.701760191162405,60.66262477663113,0,1,4
0,7.997410481519816,68.45023876975175,1,1,4
1,8.6261491210521,51.91615357980541,0,-1,0
1,8.538462214998635,68.85871305999484,0,1,4
0,7.8840413757777155,54.992373365810884,0,1,4
0,7.784324872573233,51.110059279924315,0,1,0
1,8.24404104529506,57.8986473208964,0,1,1
0,7.1007493251764755,56.19829440375612,0,0,4
1,7.888280149717346,75.48228863378522,0,1,4
0,8.15350163065393,75.4905707527389,0,1,4
0,8.039320631316144,70.81531645589735,0,1,4
0,7.929769408508602,51.70948677157992,0,1,4
0,7.772377577092116,54.35993332136058,0,1,4
1,8.967048261109003,58.988853311902346,0,1,0
0,8.458965883604304,58.53353057903751,1,0,0
1,7.961392708030919,54.9664752126238,1,1,4
1,8.919292141073043,74.26348333213635,0,1,4
0,7.856190142784075,58.497016397913605,1,-1,4
1,8.13243857256842,64.91364981503884,0,1,4
0,8.298936002416976,70.17304864182634,0,1,4
0,7.746987617072528,70.98550261016302,0,0,4
0,8.008585149136044,74.63356422339926,0,1,4
0,8.77493106725177,63.552571154565676,0,1,4
0,8.448774451167232,56.30221195369921,1,0,0
1,8.523116305275732,62.56658199118417,0,1,0
0,8.3134879535785,61.531988508512626,0,1,4
0,8.465688170576929,51.48812323832303,0,0,4
0,8.200678621307755,68.95020360783123,0,1,4
1,8.33488937311348,72.81489513677077,0,1,4
0,8.776581374361262,52.46628954981051,0,1,0
0,7.831064474588031,55.41110202648492,0,1,4
0,8.2224864629675,55.42587592473133,0,1,4
1,8.584755576162133,52.959421132304044,0,1,0
1,8.664694382165676,55.45401572255025,1,-1,2
0,7.737451062650527,74.20593764400853,0,1,4
0,7.879880947148182,74.95301332545186,0,1,4
0,7.776103463812608,68.80271454394709,0,1,0
0,9.555147033380136,75.40963915121195,0,1,0
0,7.8469479420387485,65.2005990158645,0,1,4
0,8.365557095757135,74.90468180994235,0,1,3
0,8.747765386586305,55.1674958841454,1,-1,4
1,8.96475302335341,73.86811746048028,0,1,4
0,9.05713656709154,60.69707184994965,0,1,0
0,8.002884344740297,68.57471630556599,0,1,4
1,7.970632353237589,66.81887492375374,0,1,4
0,8.101278733911188,69.39640826489368,0,1,4
1,8.03295915184328,60.70983468351252,0,1,4
1,8.202583843744758,57.83757230879179,0,0,4
1,8.056798472724468,72.82914094919168,0,1,4
1,8.215492121017467,56.398250749901315,0,1,4
1,9.289135827853077,73.99636588238948,0,1,4
0,8.875597690370055,65.62015037574706,1,-1,4
0,9.197248806120472,64.7290659261625,0,1,0
0,9.12695121179623,72.87512686410551,0,1,4
0,7.6840569322811945,55.31580120714267,1,-1,0
1,8.581950990128796,69.45565915122832,0,1,4
0,7.832048987473829,61.496099912485114,0,1,4
0,8.639197839518804,68.3543462553601,0,1,4
0,7.953816690392855,74.95877945351813,0,1,4
0,8.022709631703158,74.13403111541678,0,1,4
0,8.562390437883728,59.97801996737128,1,1,3
0,8.007796321203989,54.885733871456495,0,0,4
1,7.3420272923464704,68.40003849650282,0,1,4
1,8.11392089659432,70.71970834628651,0,1,0
0,7.846049616306331,57.1087068467656,0,1,4
1,7.461378578610746,74.18441831184009,0,1,4
1,8.468884848047436,53.92525735195669,0,1,0
1,8.30518211502988,63.44741618258632,0,1,4
0,8.399830305622103,58.54905421803893,0,1,1
0,8.799652671288378,55.616132316543585,0,-1,4
0,8.27162336965499,63.517406272678606,0,1,4
0,8.47064288766098,67.24701320031905,0,1,0
0,8.525404612036883,60.60606040458814,0,1,0
1,8.490375389028104,64.55742775421174,0,1,4
0,7.966455397777959,64.29856316960316,0,1,4
1,7.486240521190832,73.23987318827514,0,1,0
1,8.975001980248475,66.3865518848425,0,1,4
0,7.635146665676716,53.08519148592284,0,1,2
0,8.1292081792545,56.61692537403254,0,1,4
0,7.981385413953266,59.562824045602234,0,1,4
1,7.295175184164841,64.66866258071069,0,1,4
1,7.426508366374979,52.152753078638824,0,1,4
0,7.777684847653245,54.31956395235334,0,1,4
1,8.517894077595875,75.19300245700776,0,1,4
1,8.259137364437176,60.13066864710487,0,0,4
0,9.007917245093601,59.58180320655577,0,1,4
0,8.049208063260375,61.34549408479979,0,1,4
1,8.148030656456632,51.02356849907795,0,1,4
0,7.98100432075375,58.24603355575567,0,1,4
0,8.448554799440357,63.76908857490829,0,0,0
1,8.004740420677031,68.67457703975272,0,1,3
0,7.499952996988792,54.6903038173465,1,-1,1
0,7.931149316585246,58.855571869877075,0,1,0
1,8.524482067338838,53.56732170375682,0,0,0
1,8.500429998127109,58.61371374673977,0,1,0
1,8.096240773552559,74.64928366129068,0,1,3
1,7.2195058811412665,55.99709275673981,0,1,4
0,7.783187681482705,55.721238466066694,0,0,0
1,8.74130038973675,68.01574068558494,0,1,0
0,7.767761796105836,64.50564515881292,0,1,0
0,7.272757815797636,67.14991640597243,0,1,4
1,8.204860846489458,63.39656722422339,0,1,4
0,8.614173011384402,70.33326742094066,0,1,0
1,7.871718565253854,69.08534052941107,0,1,3
0,8.337197840110859,65.98903636733239,0,1,3
1,8.337893885574134,70.88823556095457,0,1,4
0,8.5495258551587,53.14315662841999,0,0,4
1,8.550393286277973,57.723206171193716,0,1,0
0,8.69629050323284,60.543389679808044,0,1,4
0,8.574602599939244,67.51879563160404,0,1,4
0,8.004938932609468,74.59543102290337,0,1,4
0,8.109042621184711,69.13934284416008,0,1,3
1,8.681586419770209,67.0707805339283,0,1,4
1,7.491274889570658,58.82094193051177,0,1,4
0,8.02237943881977,70.91519509256472,0,1,4
0,7.659065727642023,62.852014443697016,0,1,3
0,7.843918948677895,54.12611596392604,0,1,3
1,8.60484289921939,74.94399012488988,0,1,4
0,7.775426183457601,68.26787874884761,0,1,1
0,8.383030376708207,64.21654015965818,0,1,4
0,8.114041028809721,65.44234988929287,0,1,0
0,7.084311493045843,62.66204492434186,0,1,2
1,7.913289998525644,61.53759370524158,0,1,4
1,8.785990008451902,63.94948176889101,0,1,4
1,8.851881388602925,63.42979260878162,0,1,0
0,7.850882077004378,73.9148939328409,0,1,4
1,8.641781803733638,65.89607911717795,0,1,1
0,9.761474897621738,55.604804932150145,0,1,4
0,8.29031867252643,73.56556446653032,0,1,4
0,8.151889425649985,55.019345708835885,0,0,4
1,8.940449931573989,75.45038689169569,0,1,4
0,8.581993666896123,61.51941753999853,0,0,4
1,7.795670914935286,51.10970171168934,0,0,4
0,8.497845037574686,64.5109268357579,0,1,4
0,7.257204046466937,53.5659097873408,0,-1,0
0,8.126322605004482,65.29640944692426,0,1,4
1,7.391847564172466,59.580873136028316,0,-1,4
1,7.792025933711688,63.110553100124314,0,1,4
0,7.584875694864967,62.881323699166636,0,1,4
0,7.117482366239563,70.1936373251332,0,1,0
1,8.06126276431038,71.97988137043518,0,1,4
0,8.240499978478917,68.54042245107097,0,1,4
1,7.252578158179469,65.77414440032982,0,0,4
0,8.914168894258722,75.49358854112731,0,1,4
1,7.550677898685653,55.451632518791186,0,1,4
0,8.212528654417062,66.81873704257436,0,1,0
0,8.862970634053585,73.41066462983783,0,1,4
0,8.372949550414015,63.80541348181418,0,1,4
1,8.372940686763242,63.75941009253712,0,1,4
1,7.234547893803362,65.79673261036514,0,0,4
1,9.078723268694707,53.54107995381194,0,-1,4
0,8.598305093340937,74.73507691571605,0,1,4
0,8.21840377558995,73.45203344759797,0,1,4
0,8.062037842991083,56.981446181648934,0,1,1
1,7.548349790832887,71.91212130385331,0,1,4
0,7.8562746665977,71.3816540722881,0,1,4
0,8.440177737337835,56.75735955306309,0,1,0
1,7.881376574678671,62.22393491588798,0,1,4
0,7.6352809690543255,55.1568301069095,1,0,0
0,8.53564973122469,53.81127105798365,0,0,3
0,7.559580512242157,60.97670877499487,0,1,3
0,8.968919488945176,64.74643826295824,0,1,4
1,8.856268394461402,62.88079476600086,0,1,4
1,7.525884292456008,52.745126043281594,0,1,3
0,7.691739738622514,56.21310040446994,0,1,4
0,7.472196848003456,57.33669494673773,0,1,4
1,7.929763993904014,60.49540457900313,0,1,0
1,8.57179553494556,73.24864751497874,0,1,4
1,7.719307567055452,62.623479965007,0,1,2
0,9.045101093339383,69.18326389185353,0,1,4
1,8.41582573614353,68.02350954712068,0,1,4
1,8.685469439854058,57.950765962940096,0,1,1
1,8.764737259960821,62.62941452964201,1,1,0
1,8.701012449372879,59.835947735488105,0,1,4
0,7.887011712460433,51.499464640449304,0,0,0
1,7.29044198657624,72.30952379707128,0,1,4
0,7.959508953511341,56.74294920582706,0,1,0
1,8.213344232943907,67.35226178772292,0,1,4
0,7.899749979772356,70.71495219408105,0,1,4
0,8.027495907816453,63.968514800290464,0,1,0
0,8.874394526181408,58.3649864066617,0,1,4
0,7.869313138415654,55.24802144549951,0,0,0
1,8.05754755506197,72.77603950181005,0,1,4
0,7.488779540567602,70.5714494490511,0,1,4
0,8.049255751406042,69.8734185480668,0,1,4
0,8.314121717646902,67.90995873600212,0,0,1
0,8.542250164466987,56.198834045764656,0,0,4
1,8.423586185173768,59.229307575944034,0,1,4
1,7.914272072832779,57.324542548199425,0,1,4
0,7.636751931076626,65.56697449693723,0,1,4
0,8.371701272130553,73.3267108543788,0,1,4
1,8.514384073982502,65.62084635832016,0,1,0
1,8.615636571780163,68.5858399424525,0,1,4
0,8.715645372926412,72.958973935966,0,1,4
0,7.420797198277205,60.940495697063476,0,1,4
1,7.506025609158214,55.720519783194256,0,1,4
1,8.769733775021646,63.78072751604397,0,0,4
1,8.041764795817755,64.34887064102043,0,1,4
0,7.738551502530895,60.934008118988764,0,1,0
0,9.221783206308988,58.03822126646107,0,-1,4
1,8.53079249748811,75.67685299589768,0,1,4
1,7.852793940694154,57.979744320458835,0,1,0
1,9.600431859679574,59.84354968020946,0,1,4
0,8.46053661937803,73.36070119892298,0,1,4
0,7.8309396978745935,54.925854880976566,0,-1,4
0,8.083903535189442,67.3777332656808,0,1,4
1,8.032319698768529,52.82119516661819,1,0,0
0,7.9504867364309275,75.30885315473321,0,1,4
0,7.460269554927776,56.565425139696174,0,-1,4
1,7.786602223074557,75.22886049994493,0,1,4
0,8.087877274004128,61.568322562018,1,1,0
1,6.85870899743757,52.27762460602845,0,1,0
0,9.709878909715657,65.18086812616731,0,1,4
0,8.105398454616632,66.22415424427324,1,1,4
1,7.82378531810251,70.90485457169173,0,1,4
0,8.268970740854332,65.48597588863244,0,1,4
0,8.065533592148588,63.57621188855353,0,1,0
0,6.758439570904567,69.69536444895783,0,1,4
0,7.945014259000349,69.30350082564608,0,1,4
0,8.309797107536438,56.495105863171126,0,1,0
0,7.87820528502086,75.29036701709417,0,1,4
1,7.954075393823771,62.16367781025104,0,0,0
0,7.846515955956957,71.16484856798132,0,1,4
1,7.668370472397216,64.85257829418258,0,1,1
0,8.704937227823192,64.90122287783358,0,1,4
0,7.794745355996379,71.09836318178043,0,1,4
1,8.185100654019502,68.25177134836031,0,1,4
1,8.086118820700039,55.75574594833634,0,0,4
1,7.699920173089222,51.7443313380542,1,1,4
1,8.03556202644998,57.360981350902634,0,1,0
0,7.531720241202329,54.1272208544772,0,1,4
0,7.2726895459910486,61.90849157672811,0,1,4
1,8.292796805553051,65.61558833225119,0,1,4
1,8.063287376926212,61.22489183825714,0,1,4
1,8.58321634930592,65.68841023636708,0,1,4
1,7.690835502639662,70.66115749294515,0,1,4
0,8.245308162156432,64.78328282857497,0,1,4
1,7.913944190636171,69.62571991324172,0,1,1
0,7.718951818099645,74.26691347653896,0,1,4
0,7.968805030540167,71.80168362791397,0,1,4
1,7.87604024839332,67.29066220586341,0,1,4
1,8.119461643342275,66.25994536572493,0,1,4
0,8.457484871750442,57.192360030844,0,1,4
0,8.536573948923726,72.18890848433126,0,0,4
0,8.439729558754042,72.76331244326042,0,1,0
0,7.89408862303337,61.89559270589379,0,1,4
1,7.9566530081587565,66.57940554781932,0,1,4
0,7.911936129165261,66.2887563247945,0,1,4
0,8.137127022188904,64.14788477592339,0,1,0
0,8.178474924944533,64.799962594698,0,1,0
0,8.757419305968567,56.66465955348426,0,1,4
0,8.828128943065831,52.22050116196688,0,1,3
1,8.407422588863962,56.05337755947876,0,1,4
1,7.7240990926791815,54.06653292244911,0,1,0
1,8.225725435469458,53.17990139743499,0,0,4
0,8.188685789632283,53.318642374462804,0,0,4
1,8.02665163601834,57.367551985111696,0,1,4
1,7.945077707288966,57.286782921359155,0,1,0
1,7.740326084088789,66.44668099997115,1,1,4
1,8.33111213609675,75.08237497733572,0,1,4
0,8.119334337094266,65.78968848634452,0,1,3
0,7.707851911691117,64.3357295991999,1,-1,0
0,7.745224134913751,73.16702159501754,0,1,4
0,8.318498609349339,75.03971269996904,0,1,4
0,8.68957529072081,71.41192060883829,0,1,4
1,8.36895404494524,63.2758440775136,0,1,4
0,7.460354459081178,58.15502710778633,1,-1,4
0,8.48052282589784,51.50703961206473,0,1,4
0,8.89387231697139,63.627317102549036,0,1,4
1,7.762007910803729,52.17861494236279,0,0,0
1,8.032635634293435,71.87836425394269,0,1,4
0,8.246506424054274,75.28106329507366,0,1,4
0,8.519543461337372,55.02324508994652,0,1,4
0,8.378335957848583,57.00265816552698,0,1,4
0,8.439790317233411,67.75216190687856,0,1,4
0,8.615645540791075,63.655130078355086,1,-1,4
0,7.520270253010555,74.35665295705572,0,1,4
0,7.900954256893489,60.62585278610137,0,1,4
0,7.773290489445817,56.53877876656735,0,1,0
0,8.291129298865192,67.73619747423115,0,1,4
0,8.36198572006048,61.98553762096763,0,1,4
0,7.773079473155602,73.4334365102581,0,1,4
0,8.562101531071304,71.58493562942607,1,1,3
0,8.000116750946939,62.348279417601,0,1,2
0,8.415417532515969,52.66304183632201,0,1,4
1,8.894098348565645,70.72152066932821,0,1,4
0,8.582020519488076,66.74799611290834,0,1,4
0,7.872931034959692,70.53086251137987,0,1,4
1,8.373594423707068,53.80710333383267,0,1,4
1,7.865274045749918,65.32919901328263,0,1,4
1,7.725419230846839,52.895345205521195,0,1,4
1,8.563380103574804,58.71128566682161,1,-1,4
0,8.4548188250702,65.75962406311375,0,1,4
0,9.062952652436028,65.03606178515415,0,1,0
0,8.458387544676556,63.50224631146394,0,1,4
1,8.172259592199207,67.69274117253104,0,1,0
0,8.136142048864446,71.03425737663645,0,1,4
0,8.357482761812767,74.54467484962301,0,1,4
1,8.016443790583313,67.40352970901795,0,1,4
1,8.28654509477442,68.08887598237528,0,1,4
0,8.246884630318572,71.10074140079637,0,-1,4
0,9.272788452079674,63.5841565903221,0,1,4
0,8.058618884451429,68.90997869187524,0,1,3
1,8.84494737494639,72.31943589086357,0,1,4
0,7.949203213433814,60.494336290657216,0,0,4
1,8.668160275524716,55.41707211726973,0,1,4
0,8.714994270714309,55.90032888809406,0,1,4
0,8.500816973379376,51.13648353453358,0,1,4
0,8.718240686453882,52.12233093966259,0,1,4
1,9.087776908046937,55.723986668594414,0,1,4
1,7.762911644739775,57.101264628691546,0,0,4
0,7.493267693168563,61.373745319444055,0,1,4
0,8.726404432255967,69.80478350743893,0,1,4
1,8.176220563882046,51.87939058172409,0,0,0
1,8.23417931162308,55.174878051455316,1,0,4
0,7.476099969126389,68.84011037404983,1,1,0
1,8.670271477562139,74.65645715874803,0,1,4
1,7.855042419001266,56.39600196862797,0,1,0
1,7.95996416220491,51.72326113247434,0,-1,0
0,8.021999974713765,55.156767235144464,0,0,4
0,7.856545729557678,56.55747933738505,0,1,0
0,8.554500166693755,75.5048993292936,0,1,4
0,7.987410232143398,60.64412387479602,0,1,4
1,8.28831431789741,72.11198876489895,0,1,4
0,8.02059976548137,66.82613232809196,0,1,3
1,8.822596731557887,56.11274437882548,0,0,0
0,8.129712344590418,58.75762648167992,0,1,0
1,7.794451861494298,51.50687676281468,1,-1,0
0,8.360007270760189,52.16098013616107,0,1,4
0,7.562833606466228,66.97568395957799,0,1,4
0,9.209247332780915,65.15834477646654,0,1,4
0,7.750375876763081,61.38315355140224,0,1,0
0,8.472779555900779,56.93231796819649,0,1,4
1,7.047387551735637,56.45455347024553,0,1,4
1,8.515210618515377,68.48706260333103,0,1,0
0,9.014266357018855,63.46094369807752,0,1,4
0,8.0472081540945,55.024986868891126,1,1,1
1,7.7635438802546854,64.32900693132184,0,1,4
0,8.012457379807469,72.54731141923038,0,1,1
0,7.984235500529965,53.45973092983197,0,1,3
1,8.629084866568746,53.760425586231754,0,1,4
0,7.8388587041086275,68.05551381706834,0,1,4
0,7.720653652221999,56.36572893423581,0,1,4
0,8.32056370641927,64.36617183865226,0,-1,0
1,7.763437196315826,66.46419641567424,0,1,4
1,8.310563990351337,54.69250923099014,0,1,4
1,8.321009197736718,67.54162785525408,0,0,4
1,9.09847968702616,67.839483927709,0,1,4
1,7.683380856356649,68.8576001000031,0,1,4
1,7.83409542303271,73.97536294902554,0,1,4
